USER_ID	FIRST_NAME	LAST_NAME	PASSWORD	EMAIL
test001	Clayton	Bender	superSecretPW	nobody01no.where
test002	Lacy	Benjamin	superSecretPW	nobody02no.where
test003	Carla	Pham	superSecretPW	nobody03@no.where
test004	Rhiannan	Cordova	superSecretPW	nobody04@no.where
test005	Olivier	Bell	superSecretPW	nobody05@no.where
test006	Sahra	Serrano	superSecretPW	nobod0y6@no.where
test007	Fredrick	Hodgson	superSecretPW	nobody07@no.where
test008	Emmeline	Merritt	superSecretPW	nobody08@no.where
test009	Ilayda	Doyle	superSecretPW	nobody09@no.where
test010	Ela	Jaramillo	superSecretPW	nobody10@no.where
test011	Matt	Hess	superSecretPW	nobody11@no.where
test012	Ariana	Maynard	superSecretPW	nobody12@no.where
test013	Paulina	Hackett	superSecretPW	nobody13@no.where
test014	Abdul	Tomlinson	superSecretPW	nobody14@no.where
test015	Cloe	Humphries	superSecretPW	nobody15@no.where
test016	Wanda	Gilmour	superSecretPW	nobody16@no.where
test017	Lennon	Gould	superSecretPW	nobody17@no.where
test018	Anika	Maddox	superSecretPW	nobody18@no.where
test019	Nala	Dickens	superSecretPW	nobody19@no.where
test020	Efa	Brett	superSecretPW	nobody20@no.where
test021	Brittany	Macleod	superSecretPW	nobody21@no.where
test022	Riaan	Woods	superSecretPW	nobody22@no.where
test023	Kyron	Gross	superSecretPW	nobody23@no.where
test024	Falak	Ramirez	superSecretPW	nobody24@no.where
test025	Louisa	Whelan	superSecretPW	nobody25@no.where
test026	Martine	Steele	superSecretPW	nobody26@no.where
test027	Mehak	Patton	superSecretPW	nobody27@no.where
test028	Suman	Zimmerman	superSecretPW	nobody28@no.where
test029	Raya	Jacobson	superSecretPW	nobody29@no.where
test030	Korban	Nichols	superSecretPW	nobody30@no.where
test031	Jaime	Cote	superSecretPW	nobody31@no.where
test032	Humzah	Amin	superSecretPW	nobody32@no.where
test033	Helena	Whitehead	superSecretPW	nobody33@no.where
test034	Mitchel	Dawson	superSecretPW	nobody34@no.where
test035	Gene	Needham	superSecretPW	nobody35@no.where
test036	Finnian	Walmsley	superSecretPW	nobody36@no.where
test037	Nick	Crosby	superSecretPW	nobody37@no.where
test038	Edward	Floyd	superSecretPW	nobody38@no.where
test039	Clay	Whitfield	superSecretPW	nobody39@no.where
test040	Ronny	Ramos	superSecretPW	nobody40@no.where
test041	Nishat	Grainger	superSecretPW	nobody41@no.where
test042	Felicity	York	superSecretPW	nobody42@no.where
test043	Ayaan	Lugo	superSecretPW	nobody43@no.where
test044	Theodore	Bartlett	superSecretPW	nobody44@no.where
test045	Thea	Carson	superSecretPW	nobody45@no.where
test046	Jonathan	Monaghan	superSecretPW	nobody46@no.where
test047	Greg	Rose	superSecretPW	nobody47@no.where
test048	Shahzaib	Romero	superSecretPW	nobody48@no.where
test049	Esmay	Miles	superSecretPW	nobody49@no.where
test050	Dan	Huff	superSecretPW	nobody50@no.where
test051	Suzannah	Rush	superSecretPW	nobody51@no.where
test052	Olive	Matthews	superSecretPW	nobody52@no.where
test053	Evalyn	Stephens	superSecretPW	nobody53@no.where
test054	Izabel	Combs	superSecretPW	nobody54@no.where
test055	Marcelina	Bloom	superSecretPW	nobody55@no.where
test056	Abbey	Ford	superSecretPW	nobody56@no.where
test057	Evie	Mae	superSecretPW	nobody57@no.where Prentice
test058	Eileen	Gay	superSecretPW	nobody58@no.where
test059	Tracey	Ashley	superSecretPW	nobody59@no.where
test060	Genevieve	Peters	superSecretPW	nobody60@no.where
test061	George	Lutz	superSecretPW	nobody61@no.where
test062	Akash	Leblanc	superSecretPW	nobody62@no.where
test063	Latoya	Martin	superSecretPW	nobody63@no.where
test064	Marwa	Stafford	superSecretPW	nobody64@no.where
test065	Elwood	Jimenez	superSecretPW	nobody65@no.where
test066	Kirby	Arnold	superSecretPW	nobody66@no.where
test067	Alys	Villarreal	superSecretPW	nobody67@no.where
test068	Tamar	Tyler	superSecretPW	nobody68@no.where
test069	Amanah	Burnett	superSecretPW	nobody69@no.where
test070	Adrienne	Prosser	superSecretPW	nobody70@no.where
test071	Nadeem	Horne	superSecretPW	nobody71@no.where
test072	Kelsey	Kirby	superSecretPW	nobody72@no.where
test073	Kira	Mccartney	superSecretPW	nobody73@no.where
test074	Laurence	Stott	superSecretPW	nobody74@no.where
test075	Shaunna	Medrano	superSecretPW	nobody75@no.where
test076	Trevor	Miller	superSecretPW	nobody76@no.where
test077	Lucas	Jeffery	superSecretPW	nobody77@no.where
test078	Mekhi	Knight	superSecretPW	nobody78@no.where
test079	Jaye	Bates	superSecretPW	nobody79@no.where
test080	Milo	Vickers	superSecretPW	nobody80@no.where
test081	Akram	Woodward	superSecretPW	nobody81@no.where
test082	Kelly	Coffey	superSecretPW	nobody82@no.where
test083	Idrees	Herring	superSecretPW	nobody83@no.where
test084	Jackson	Cantu	superSecretPW	nobody84@no.where
test085	Valerie	French	superSecretPW	nobody85@no.where
test086	Hayleigh	Hall	superSecretPW	nobody86@no.where
test087	Kacie	Guerra	superSecretPW	nobody87@no.where
test088	Tasnim	Gonzales	superSecretPW	nobody88@no.where
test089	Arnav	Pennington	superSecretPW	nobody89@no.where
test090	Khaleesi	Salinas	superSecretPW	nobody90@no.where
test091	Marni	Lester	superSecretPW	nobody91@no.where
test092	Margaux	Rodrigues	superSecretPW	nobody92@no.where
test093	Laila	Tanner	superSecretPW	nobody93@no.where
test094	Weronika	Hudson	superSecretPW	nobody94@no.where
test095	Rabia	Gordon	superSecretPW	nobody95@no.where
test096	Aleyna	Ball	superSecretPW	nobody96@no.where
test097	Chance	Mooney	superSecretPW	nobody97@no.where
test098	Marcos	Kim	superSecretPW	nobody98@no.where
test099	Darryl	Kerr	superSecretPW	nobody99@no.where
test100	Ashton	Curtis	superSecretPW	nobody100@no.where
